Port,Protocol,Count
7,udp,1
22,icmp,2
22,tcp,14
22,udp,9
25,icmp,9
25,tcp,10
25,udp,12
53,icmp,8
53,tcp,6
53,udp,9
60,udp,1
80,icmp,9
80,tcp,7
80,udp,5
110,icmp,14
110,tcp,11
110,udp,9
121,tcp,1
132,udp,1
138,udp,1
143,icmp,10
143,tcp,7
143,udp,7
195,icmp,1
208,icmp,1
212,udp,1
231,tcp,1
279,tcp,1
334,tcp,1
342,icmp,1
348,icmp,1
353,icmp,1
356,tcp,1
357,udp,1
443,icmp,5
443,tcp,8
443,udp,6
468,icmp,1
490,icmp,1
498,tcp,1
522,udp,1
535,tcp,1
588,tcp,1
636,udp,1
642,icmp,1
673,udp,1
674,tcp,1
690,udp,1
704,icmp,1
708,udp,1
750,tcp,1
752,tcp,1
755,icmp,1
807,udp,1
814,tcp,1
819,icmp,1
824,tcp,1
831,udp,1
899,tcp,1
993,icmp,9
993,tcp,3
993,udp,7
1020,udp,1
1027,tcp,9
1052,icmp,1
1058,tcp,1
1080,tcp,1
1082,udp,1
1092,icmp,1
1116,icmp,14
1138,icmp,1
1143,udp,1
1151,tcp,1
1164,tcp,13
1186,tcp,1
1188,udp,1
1217,icmp,1
1234,udp,7
1236,udp,1
1240,icmp,1
1247,icmp,5
1288,icmp,1
1318,tcp,1
1325,tcp,1
1344,tcp,1
1369,icmp,1
1383,udp,1
1386,icmp,3
1390,icmp,1
1409,tcp,9
1421,icmp,1
1445,udp,5
1458,tcp,1
1462,icmp,10
1473,icmp,1
1480,tcp,1
1499,tcp,1
1509,udp,1
1519,tcp,1
1523,udp,1
1528,udp,1
1531,icmp,3
1539,tcp,1
1547,udp,1
1576,icmp,1
1579,icmp,1
1580,tcp,5
1581,tcp,1
1582,udp,6
1609,icmp,1
1609,udp,1
1611,tcp,1
1616,tcp,1
1634,udp,1
1647,tcp,1
1650,udp,1
1669,udp,5
1693,udp,1
1696,udp,4
1720,icmp,1
1725,tcp,1
1758,tcp,1
1793,icmp,1
1794,tcp,1
1797,icmp,1
1852,udp,1
1873,udp,1
1879,udp,1
1901,icmp,1
1902,tcp,1
1909,udp,1
1924,tcp,1
1926,icmp,4
1951,udp,1
1993,icmp,1
1995,icmp,1
2054,tcp,1
2122,udp,1
2149,tcp,1
2184,udp,1
2197,tcp,1
2228,icmp,1
2244,icmp,1
2248,udp,8
2259,icmp,1
2269,icmp,1
2271,tcp,12
2277,udp,1
2278,icmp,1
2292,udp,1
2321,tcp,9
2341,tcp,1
2343,tcp,1
2377,udp,1
2386,tcp,1
2412,icmp,1
2429,icmp,1
2466,icmp,1
2478,tcp,1
2480,udp,1
2485,icmp,1
2535,icmp,1
2544,tcp,1
2574,icmp,1
2596,udp,1
2618,tcp,1
2642,udp,1
2669,icmp,1
2670,tcp,10
2714,icmp,1
2762,tcp,7
2787,icmp,8
2828,udp,1
2847,udp,1
2861,udp,1
2867,tcp,1
2904,udp,6
2985,udp,5
3025,tcp,1
3028,tcp,1
3034,tcp,1
3042,udp,4
3053,tcp,1
3054,tcp,1
3097,tcp,1
3099,tcp,8
3158,icmp,1
3206,udp,1
3221,icmp,1
3226,icmp,1
3244,tcp,1
3246,udp,1
3271,icmp,1
3281,tcp,7
3295,udp,1
3310,tcp,2
3310,udp,1
3331,icmp,1
3337,tcp,1
3375,udp,1
3377,tcp,1
3389,icmp,11
3389,tcp,12
3389,udp,8
3392,icmp,1
3416,tcp,1
3426,icmp,1
3428,tcp,1
3491,udp,4
3495,tcp,13
3499,icmp,1
3527,udp,1
3549,icmp,1
3566,icmp,1
3588,icmp,1
3602,udp,1
3622,udp,1
3626,icmp,1
3666,udp,1
3684,icmp,1
3684,udp,1
3703,udp,1
3723,tcp,1
3734,udp,11
3735,icmp,1
3753,udp,1
3759,icmp,1
3759,tcp,10
3772,udp,1
3779,tcp,1
3781,icmp,8
3793,tcp,1
3804,icmp,9
3832,udp,1
3834,tcp,1
3848,tcp,1
3859,tcp,1
3859,udp,1
3883,icmp,1
3886,icmp,1
3909,icmp,1
3913,tcp,1
3929,tcp,7
3942,udp,1
3950,tcp,1
3959,icmp,1
3993,udp,8
3994,tcp,1
4007,tcp,1
4039,tcp,1
4041,tcp,11
4069,icmp,1
4072,udp,4
4073,icmp,9
4075,udp,1
4076,tcp,5
4081,icmp,1
4100,icmp,1
4112,tcp,1
4126,icmp,1
4128,udp,1
4130,icmp,1
4132,icmp,4
4171,udp,1
4173,udp,1
4186,tcp,1
4216,udp,1
4241,udp,1
4243,icmp,1
4269,udp,1
4273,icmp,1
4274,udp,1
4287,tcp,1
4309,udp,1
4311,tcp,2
4316,tcp,1
4343,tcp,1
4353,udp,4
4366,udp,1
4379,tcp,1
4381,tcp,1
4391,tcp,1
4406,udp,1
4410,icmp,1
4423,udp,1
4443,udp,8
4452,udp,1
4469,udp,1
4487,icmp,1
4501,tcp,8
4565,udp,1
4598,icmp,1
4629,icmp,2
4637,tcp,1
4640,icmp,1
4659,tcp,1
4664,tcp,1
4672,icmp,1
4675,icmp,1
4676,tcp,1
4677,tcp,3
4688,tcp,1
4694,icmp,1
4699,icmp,1
4708,tcp,1
4746,icmp,1
4746,tcp,5
4748,tcp,1
4760,tcp,2
4771,tcp,3
4773,tcp,1
4794,icmp,1
4834,tcp,9
4836,icmp,1
4839,icmp,8
4859,udp,6
4864,icmp,1
4952,icmp,1
4955,udp,6
4957,udp,1
4961,tcp,1
4980,udp,4
4984,icmp,9
5013,icmp,9
5015,tcp,1
5015,udp,1
5031,udp,11
5032,icmp,1
5042,icmp,5
5051,tcp,1
5053,tcp,14
5053,udp,1
5058,tcp,1
5098,tcp,1
5108,icmp,1
5206,tcp,1
5219,tcp,2
5238,udp,1
5249,udp,8
5251,icmp,1
5264,tcp,1
5282,icmp,1
5289,udp,1
5305,tcp,16
5364,udp,1
5388,tcp,2
5408,icmp,1
5412,icmp,1
5416,udp,8
5417,icmp,5
5428,icmp,1
5447,icmp,1
5451,udp,1
5458,icmp,1
5480,tcp,1
5481,tcp,1
5493,icmp,1
5515,tcp,1
5525,icmp,1
5533,udp,1
5549,tcp,1
5558,icmp,1
5567,icmp,1
5569,icmp,1
5587,udp,1
5595,udp,1
5610,udp,2
5625,tcp,1
5641,udp,1
5643,tcp,1
5648,tcp,1
5716,udp,4
5737,udp,7
5742,tcp,1
5774,icmp,1
5819,udp,4
5835,tcp,1
5856,udp,10
5860,icmp,10
5916,udp,1
5946,tcp,1
5998,icmp,1
6014,icmp,2
6045,udp,1
6053,tcp,1
6074,icmp,1
6087,icmp,1
6114,tcp,1
6129,icmp,10
6140,udp,1
6146,icmp,10
6150,icmp,1
6172,icmp,1
6236,tcp,1
6266,tcp,1
6266,udp,1
6273,udp,1
6284,icmp,1
6292,tcp,1
6303,tcp,1
6317,icmp,1
6320,icmp,1
6321,tcp,1
6328,tcp,1
6335,tcp,1
6341,tcp,7
6351,udp,1
6372,icmp,1
6393,udp,1
6445,icmp,1
6469,tcp,1
6469,udp,1
6500,tcp,7
6509,icmp,1
6518,udp,1
6549,udp,1
6552,icmp,1
6563,icmp,1
6591,tcp,1
6606,icmp,1
6610,tcp,7
6616,icmp,6
6641,tcp,1
6655,tcp,1
6661,udp,1
6675,udp,1
6686,icmp,1
6715,udp,6
6750,icmp,1
6754,tcp,1
6761,icmp,1
6799,udp,1
6802,udp,1
6813,udp,1
6845,tcp,1
6880,udp,1
6893,tcp,1
6900,icmp,1
6913,tcp,1
6929,udp,1
6935,icmp,1
6936,icmp,1
6944,udp,1
6948,tcp,8
6957,tcp,1
6975,icmp,1
7002,udp,1
7015,udp,1
7054,icmp,6
7069,tcp,1
7096,udp,1
7099,icmp,6
7107,tcp,1
7119,tcp,1
7120,udp,1
7139,icmp,7
7144,tcp,9
7145,udp,6
7146,udp,1
7153,tcp,10
7172,icmp,1
7186,tcp,7
7206,udp,1
7215,tcp,1
7231,tcp,1
7299,tcp,1
7318,icmp,11
7341,tcp,2
7395,udp,1
7399,icmp,1
7404,tcp,7
7406,udp,1
7429,udp,7
7448,icmp,8
7475,icmp,1
7499,udp,1
7510,tcp,3
7529,udp,1
7577,udp,1
7601,tcp,1
7606,icmp,1
7618,udp,7
7621,icmp,1
7632,tcp,1
7642,tcp,1
7660,udp,1
7672,icmp,1
7692,icmp,1
7702,udp,1
7719,udp,1
7742,tcp,1
7750,icmp,1
7775,tcp,1
7809,icmp,1
7858,tcp,1
7862,tcp,1
7863,tcp,9
7878,tcp,5
7890,icmp,1
7933,udp,4
7947,icmp,1
7961,udp,1
7978,tcp,1
7982,udp,1
7985,tcp,1
7993,udp,1
8028,icmp,3
8039,icmp,1
8080,icmp,8
8080,tcp,8
8080,udp,6
8087,icmp,1
8095,udp,1
8098,icmp,1
8119,udp,18
8138,udp,11
8192,udp,10
8212,udp,1
8215,tcp,1
8222,udp,1
8327,tcp,1
8328,tcp,1
8335,udp,1
8336,icmp,1
8358,tcp,1
8405,tcp,1
8409,udp,1
8435,icmp,8
8451,tcp,1
8468,icmp,10
8484,tcp,1
8496,tcp,8
8497,tcp,1
8507,icmp,14
8539,tcp,1
8544,udp,11
8550,udp,1
8573,udp,1
8600,tcp,1
8611,tcp,1
8615,icmp,1
8630,tcp,1
8639,icmp,1
8658,udp,1
8663,icmp,1
8687,icmp,1
8693,tcp,7
8706,udp,1
8712,tcp,1
8717,udp,1
8722,icmp,1
8727,tcp,1
8736,tcp,1
8763,tcp,1
8763,udp,5
8809,icmp,1
8839,tcp,1
8842,udp,1
8872,udp,5
8890,icmp,1
8903,icmp,1
8904,udp,1
8946,tcp,6
8993,icmp,1
9048,icmp,1
9062,udp,1
9071,tcp,1
9089,tcp,10
9092,tcp,8
9103,tcp,1
9137,tcp,1
9143,icmp,6
9166,udp,1
9176,icmp,1
9209,tcp,1
9229,icmp,1
9278,tcp,1
9313,tcp,1
9319,icmp,1
9320,icmp,1
9345,tcp,15
9353,udp,1
9359,tcp,1
9375,udp,1
9391,icmp,1
9394,tcp,1
9395,tcp,1
9404,tcp,9
9409,tcp,1
9449,tcp,1
9459,icmp,1
9467,udp,5
9485,icmp,3
9486,tcp,8
9486,udp,1
9514,udp,1
9543,tcp,1
9545,tcp,9
9554,tcp,1
9562,udp,1
9564,icmp,1
9576,icmp,1
9579,tcp,6
9590,tcp,1
9610,udp,1
9642,icmp,1
9644,tcp,5
9648,udp,1
9654,tcp,1
9656,tcp,1
9715,udp,1
9721,udp,1
9776,icmp,1
9801,icmp,1
9860,tcp,6
9868,icmp,1
9930,udp,1
9933,icmp,1
9969,icmp,1
9988,udp,1
9994,udp,1
10011,icmp,1
10027,tcp,1
10028,udp,1
10062,udp,1
10106,icmp,1
10131,udp,1
10136,udp,1
10139,udp,1
10154,icmp,1
10168,icmp,1
10179,icmp,1
10188,udp,1
10193,udp,1
10207,tcp,1
10220,tcp,1
10251,icmp,1
10293,icmp,3
10308,tcp,1
10312,tcp,1
10321,tcp,1
10333,tcp,1
10335,udp,1
10390,udp,4
10411,icmp,7
10423,tcp,1
10437,tcp,1
10453,udp,1
10479,tcp,1
10489,tcp,1
10490,udp,1
10503,icmp,1
10535,tcp,1
10541,udp,3
10554,udp,1
10559,icmp,1
10569,tcp,1
10626,tcp,1
10649,tcp,1
10657,tcp,1
10664,tcp,1
10669,tcp,1
10713,tcp,1
10723,icmp,1
10732,tcp,1
10760,icmp,1
10771,udp,4
10814,udp,1
10868,udp,10
10900,icmp,1
10901,icmp,7
10906,udp,1
10909,tcp,1
10915,tcp,1
10967,icmp,1
10972,udp,5
10996,icmp,5
11002,tcp,1
11011,udp,1
11031,icmp,1
11033,udp,1
11043,tcp,1
11051,udp,1
11075,icmp,6
11086,udp,8
11126,udp,1
11138,udp,1
11162,tcp,1
11173,udp,1
11180,icmp,11
11259,udp,1
11260,udp,1
11300,icmp,1
11339,udp,1
11381,icmp,1
11383,udp,1
11386,tcp,12
11420,udp,9
11426,tcp,1
11432,udp,1
11451,tcp,1
11481,udp,5
11492,icmp,1
11501,udp,1
11515,udp,1
11529,icmp,1
11570,udp,1
11588,udp,1
11632,udp,11
11639,tcp,4
11663,icmp,1
11682,tcp,1
11685,udp,1
11713,tcp,6
11729,udp,11
11732,icmp,1
11734,icmp,1
11742,tcp,1
11749,icmp,1
11760,tcp,8
11768,icmp,1
11772,icmp,1
11777,udp,1
11785,tcp,1
11798,icmp,1
11799,udp,1
11824,tcp,8
11846,icmp,1
11865,udp,1
11867,icmp,1
11890,udp,1
11922,tcp,1
11929,icmp,1
11953,icmp,1
11973,icmp,10
11973,tcp,1
11992,udp,7
12002,icmp,1
12018,icmp,1
12030,icmp,1
12034,icmp,1
12066,icmp,1
12071,icmp,1
12078,udp,1
12087,icmp,11
12143,udp,7
12157,icmp,5
12183,tcp,5
12197,udp,1
12209,tcp,1
12218,tcp,1
12228,icmp,1
12230,icmp,1
12270,icmp,1
12278,icmp,1
12288,tcp,1
12289,tcp,1
12298,icmp,1
12328,tcp,1
12329,icmp,1
12392,tcp,1
12398,tcp,14
12450,tcp,1
12473,tcp,1
12485,tcp,1
12490,icmp,1
12500,udp,10
12503,tcp,1
12505,icmp,1
12508,udp,1
12552,udp,5
12555,tcp,1
12595,icmp,5
12636,tcp,8
12693,icmp,1
12704,icmp,7
12716,icmp,2
12731,tcp,1
12737,icmp,1
12759,udp,1
12795,icmp,8
12809,icmp,1
12842,tcp,1
12845,icmp,1
12845,tcp,1
12858,icmp,1
12869,icmp,1
12877,icmp,1
12899,icmp,1
12924,icmp,1
12963,tcp,10
12969,udp,11
12974,icmp,12
12983,icmp,1
12992,tcp,1
12996,icmp,1
12997,icmp,6
13004,udp,1
13010,udp,1
13013,tcp,1
13044,icmp,1
13093,udp,5
13112,udp,1
13114,udp,1
13144,tcp,1
13154,tcp,6
13158,udp,1
13196,tcp,10
13226,tcp,14
13227,icmp,1
13241,udp,4
13252,tcp,13
13271,udp,1
13287,udp,1
13293,udp,1
13305,icmp,1
13313,tcp,1
13328,udp,1
13340,tcp,9
13361,tcp,4
13369,udp,7
13400,tcp,1
13403,icmp,1
13406,udp,1
13411,icmp,5
13412,tcp,1
13421,icmp,1
13430,udp,1
13443,tcp,15
13444,udp,1
13455,tcp,11
13468,tcp,1
13480,tcp,1
13494,tcp,9
13531,udp,1
13555,icmp,1
13557,icmp,4
13577,icmp,1
13581,udp,1
13583,udp,1
13635,udp,4
13639,icmp,1
13641,tcp,1
13650,icmp,1
13653,tcp,3
13654,udp,7
13684,icmp,13
13742,udp,1
13772,udp,9
13793,icmp,1
13793,tcp,1
13822,tcp,6
13823,icmp,6
13837,icmp,1
13876,udp,7
13890,icmp,1
13897,icmp,1
13905,udp,1
13934,udp,12
13935,icmp,1
13975,tcp,1
13982,icmp,1
13997,icmp,1
14012,udp,12
14061,udp,1
14080,icmp,12
14082,udp,1
14118,udp,7
14127,icmp,1
14149,tcp,1
14156,icmp,1
14171,udp,1
14176,icmp,1
14182,udp,1
14198,icmp,1
14200,icmp,6
14213,udp,1
14218,udp,1
14273,udp,1
14276,icmp,1
14301,icmp,1
14302,udp,1
14308,tcp,1
14314,tcp,1
14319,tcp,1
14349,icmp,1
14370,udp,1
14378,icmp,1
14398,udp,1
14401,tcp,1
14405,udp,1
14431,tcp,4
14445,udp,1
14448,tcp,8
14450,tcp,1
14487,udp,1
14494,icmp,1
14505,tcp,1
14516,tcp,1
14520,tcp,1
14531,icmp,1
14559,tcp,11
14580,udp,1
14590,icmp,1
14611,udp,1
14643,tcp,1
14645,icmp,1
14677,tcp,1
14688,udp,1
14717,icmp,8
14790,tcp,6
14793,udp,1
14836,udp,1
14853,icmp,1
14865,icmp,11
14889,udp,1
14891,icmp,1
14894,tcp,6
14898,icmp,10
14898,udp,1
14902,udp,1
15010,tcp,1
15030,icmp,1
15033,tcp,1
15055,udp,1
15096,udp,1
15098,tcp,1
15100,udp,1
15107,tcp,1
15124,udp,1
15145,tcp,1
15149,tcp,1
15180,tcp,1
15187,udp,9
15189,tcp,1
15192,udp,12
15344,tcp,1
15433,tcp,1
15461,udp,1
15463,tcp,1
15473,udp,1
15491,tcp,1
15495,udp,1
15505,icmp,1
15515,icmp,1
15517,icmp,8
15523,tcp,1
15529,udp,1
15598,tcp,1
15604,tcp,1
15604,udp,1
15622,tcp,1
15629,icmp,1
15629,tcp,1
15645,icmp,1
15645,tcp,1
15647,icmp,1
15662,tcp,1
15684,tcp,1
15690,icmp,1
15779,tcp,1
15787,tcp,1
15811,icmp,1
15829,icmp,1
15860,udp,1
15886,udp,1
15910,udp,1
15928,tcp,11
15930,tcp,1
15947,tcp,1
15968,tcp,1
15975,tcp,1
15981,tcp,1
15983,tcp,1
15998,tcp,1
15998,udp,1
16005,tcp,1
16033,tcp,1
16037,icmp,1
16060,tcp,1
16079,icmp,1
16092,udp,7
16102,icmp,1
16120,udp,1
16167,icmp,1
16180,icmp,1
16180,udp,1
16185,udp,1
16190,icmp,1
16197,icmp,1
16220,udp,6
16229,udp,1
16261,icmp,6
16269,udp,1
16274,tcp,1
16286,tcp,1
16370,icmp,9
16374,icmp,1
16374,udp,1
16379,udp,1
16381,udp,8
16388,icmp,1
16397,icmp,1
16402,udp,3
16408,icmp,5
16446,icmp,10
16472,udp,1
16475,tcp,12
16490,tcp,1
16513,udp,1
16514,udp,4
16535,icmp,1
16542,icmp,1
16553,icmp,1
16566,tcp,10
16581,udp,1
16584,icmp,1
16606,icmp,4
16609,udp,1
16619,tcp,1
16622,tcp,6
16632,udp,1
16640,icmp,1
16670,udp,1
16686,tcp,1
16742,tcp,1
16748,udp,8
16755,udp,1
16797,icmp,11
16809,icmp,9
16824,tcp,1
16836,icmp,1
16837,udp,8
16840,tcp,1
16848,udp,1
16853,icmp,1
16861,icmp,1
16876,udp,10
16882,udp,9
16930,icmp,1
17002,udp,1
17020,icmp,1
17023,icmp,1
17032,udp,1
17054,tcp,9
17074,icmp,1
17098,icmp,1
17102,udp,1
17122,tcp,2
17141,icmp,1
17144,udp,4
17164,tcp,1
17181,udp,1
17184,udp,1
17186,tcp,9
17195,udp,8
17209,tcp,1
17210,tcp,1
17210,udp,8
17212,icmp,1
17214,tcp,1
17245,tcp,1
17262,icmp,10
17263,icmp,7
17283,udp,4
17291,tcp,11
17293,tcp,1
17317,icmp,6
17330,udp,1
17383,tcp,9
17398,tcp,1
17413,icmp,3
17435,icmp,1
17447,udp,12
17464,icmp,6
17475,udp,1
17492,tcp,1
17521,udp,1
17540,tcp,5
17549,tcp,7
17582,tcp,9
17589,tcp,1
17630,tcp,1
17636,icmp,1
17645,udp,4
17655,icmp,4
17673,icmp,1
17702,tcp,1
17706,udp,6
17752,icmp,1
17763,icmp,1
17771,udp,4
17872,udp,1
17880,udp,1
17947,udp,1
17976,tcp,1
17997,icmp,1
18060,icmp,6
18084,icmp,1
18087,udp,1
18150,tcp,1
18156,icmp,1
18157,tcp,1
18188,udp,1
18244,icmp,1
18248,udp,2
18255,tcp,1
18264,tcp,1
18300,tcp,1
18351,icmp,1
18352,tcp,7
18388,icmp,4
18388,udp,1
18400,icmp,1
18416,tcp,1
18436,udp,5
18443,tcp,7
18470,udp,10
18479,icmp,1
18490,udp,6
18509,icmp,1
18556,tcp,1
18577,udp,1
18587,udp,1
18595,tcp,1
18674,icmp,1
18686,udp,1
18720,tcp,1
18745,tcp,2
18773,icmp,1
18774,icmp,8
18798,icmp,1
18799,tcp,1
18823,udp,1
18826,udp,15
18831,udp,1
18839,icmp,1
18855,udp,1
18885,icmp,5
18906,icmp,1
18915,tcp,1
18930,tcp,1
18931,udp,1
18934,udp,1
18937,tcp,4
18978,udp,1
18992,icmp,1
19039,udp,10
19052,tcp,1
19064,udp,1
19126,tcp,1
19142,icmp,1
19168,tcp,7
19181,icmp,1
19184,udp,8
19228,tcp,1
19229,icmp,1
19260,tcp,1
19264,tcp,1
19276,udp,1
19278,icmp,1
19284,tcp,1
19292,udp,1
19312,udp,1
19316,icmp,1
19318,icmp,1
19319,udp,1
19332,tcp,1
19336,udp,1
19340,icmp,1
19377,icmp,1
19384,udp,1
19403,udp,1
19405,udp,3
19414,tcp,1
19447,udp,4
19465,tcp,1
19480,tcp,1
19500,udp,3
19501,udp,1
19517,icmp,9
19517,tcp,1
19540,icmp,1
19544,udp,1
19545,udp,1
19550,icmp,1
19632,tcp,7
19652,icmp,1
19709,udp,1
19713,tcp,1
19724,icmp,1
19728,tcp,1
19750,icmp,1
19760,tcp,5
19793,icmp,1
19801,icmp,1
19822,tcp,1
19830,udp,1
19834,icmp,12
19853,icmp,1
19884,icmp,1
19887,tcp,1
19896,udp,1
19899,icmp,1
19905,icmp,1
19921,udp,6
19927,udp,1
19976,icmp,1
20021,icmp,1
20030,icmp,1
20077,icmp,1
20112,tcp,1
20164,tcp,1
20224,udp,1
20225,udp,1
20247,udp,1
20282,tcp,1
20291,udp,1
20300,udp,1
20307,icmp,4
20314,udp,7
20332,udp,1
20365,tcp,1
20368,icmp,1
20376,udp,1
20379,icmp,1
20406,tcp,1
20419,icmp,1
20420,tcp,1
20422,udp,1
20424,tcp,1
20426,tcp,1
20442,udp,1
20490,icmp,4
20510,udp,1
20513,icmp,1
20526,icmp,1
20533,udp,1
20546,udp,1
20563,icmp,9
20581,tcp,1
20592,icmp,1
20609,icmp,4
20630,icmp,1
20680,tcp,1
20693,tcp,1
20710,udp,1
20716,icmp,10
20721,icmp,1
20732,tcp,1
20780,tcp,8
20785,tcp,1
20837,udp,1
20845,tcp,1
20846,icmp,1
20852,udp,1
20854,tcp,4
20868,udp,1
20876,tcp,1
20884,tcp,1
20905,icmp,1
20906,udp,1
20917,icmp,1
20923,icmp,1
20925,icmp,1
20931,icmp,7
20933,tcp,1
20936,icmp,1
20937,tcp,2
20946,udp,1
20947,udp,6
20955,icmp,1
20960,tcp,13
20965,udp,1
20989,tcp,6
21011,icmp,1
21011,udp,1
21015,icmp,1
21020,icmp,1
21023,icmp,1
21024,udp,1
21025,tcp,1
21027,tcp,1
21045,icmp,1
21086,icmp,1
21127,tcp,1
21145,tcp,1
21156,icmp,1
21163,icmp,1
21169,udp,1
21180,udp,1
21202,udp,1
21206,tcp,1
21229,udp,5
21239,icmp,1
21304,tcp,1
21306,tcp,1
21342,tcp,1
21345,tcp,1
21346,icmp,7
21381,icmp,11
21383,tcp,13
21385,icmp,1
21408,icmp,1
21425,icmp,1
21437,udp,1
21438,tcp,10
21449,icmp,1
21472,icmp,1
21499,udp,1
21511,udp,1
21523,tcp,1
21531,icmp,1
21534,tcp,7
21540,udp,1
21557,tcp,1
21562,icmp,1
21567,udp,1
21571,icmp,4
21613,tcp,11
21627,udp,1
21650,udp,1
21679,icmp,1
21680,udp,1
21691,tcp,1
21711,tcp,1
21721,icmp,1
21770,icmp,1
21776,icmp,1
21779,tcp,1
21791,icmp,1
21845,udp,1
21867,icmp,1
21869,icmp,1
21894,udp,1
21912,icmp,1
21923,icmp,1
21978,udp,1
22000,icmp,8
22006,udp,1
22009,udp,6
22020,udp,1
22084,icmp,1
22093,tcp,1
22097,udp,1
22131,tcp,1
22132,tcp,1
22134,tcp,1
22140,udp,1
22143,icmp,1
22165,icmp,1
22207,icmp,1
22248,icmp,1
22362,tcp,1
22372,udp,14
22420,icmp,11
22447,icmp,7
22457,icmp,1
22461,icmp,5
22482,tcp,10
22494,udp,7
22521,icmp,1
22526,tcp,1
22537,tcp,4
22539,icmp,1
22562,udp,1
22563,icmp,5
22608,icmp,1
22675,tcp,1
22688,udp,9
22694,tcp,1
22724,tcp,1
22728,icmp,1
22741,icmp,8
22756,icmp,1
22809,tcp,1
22811,udp,9
22832,icmp,1
22852,icmp,1
22863,udp,1
22869,tcp,1
22881,icmp,1
22915,udp,9
22968,udp,1
22969,icmp,1
22972,tcp,1
22977,icmp,1
23005,udp,1
23011,icmp,1
23028,icmp,1
23033,icmp,1
23039,icmp,1
23042,tcp,1
23071,udp,1
23082,udp,1
23099,tcp,7
23139,udp,1
23140,icmp,1
23149,udp,1
23150,tcp,1
23160,tcp,1
23224,icmp,1
23232,udp,1
23249,tcp,1
23256,udp,1
23280,udp,1
23286,tcp,1
23304,tcp,1
23314,tcp,12
23323,udp,1
23327,icmp,1
23330,icmp,1
23335,icmp,10
23338,udp,1
23353,udp,1
23358,udp,1
23389,tcp,1
23392,icmp,1
23394,tcp,4
23403,udp,1
23420,icmp,2
23422,icmp,10
23439,udp,1
23442,tcp,1
23464,icmp,7
23470,icmp,5
23499,tcp,4
23524,icmp,1
23557,udp,1
23586,udp,1
23617,tcp,1
23619,udp,4
23622,icmp,5
23627,tcp,1
23640,udp,1
23719,udp,9
23725,icmp,1
23765,tcp,1
23776,udp,1
23778,udp,1
23794,icmp,1
23795,tcp,1
23811,udp,1
23814,tcp,1
23827,udp,1
23836,icmp,1
23836,tcp,1
23857,icmp,1
23863,icmp,14
23891,udp,1
23892,tcp,1
23894,tcp,1
23916,tcp,2
23918,tcp,1
23925,udp,1
23927,icmp,7
23934,udp,4
23966,tcp,1
24003,icmp,1
24016,udp,1
24039,udp,1
24093,icmp,1
24096,icmp,7
24103,udp,1
24107,udp,1
24109,icmp,1
24121,icmp,1
24129,udp,9
24131,udp,1
24132,icmp,6
24144,tcp,1
24144,udp,10
24150,icmp,1
24171,icmp,4
24192,icmp,1
24244,icmp,1
24271,tcp,1
24281,tcp,1
24299,tcp,1
24311,tcp,1
24323,udp,1
24324,tcp,1
24331,icmp,1
24331,tcp,1
24342,tcp,8
24354,udp,1
24362,udp,11
24366,icmp,1
24376,icmp,1
24413,icmp,5
24444,udp,3
24455,tcp,1
24522,udp,1
24526,udp,1
24552,udp,1
24561,tcp,7
24566,tcp,1
24639,tcp,1
24661,udp,1
24670,icmp,1
24694,tcp,1
24721,udp,1
24738,udp,7
24745,udp,1
24760,icmp,1
24791,udp,8
24845,udp,1
24856,tcp,11
24868,udp,1
24894,tcp,1
24943,tcp,8
24971,udp,1
24995,icmp,11
25018,udp,1
25022,icmp,1
25042,tcp,1
25044,icmp,1
25059,udp,1
25062,tcp,7
25087,tcp,1
25114,udp,1
25119,udp,1
25132,icmp,6
25144,tcp,1
25169,udp,10
25172,tcp,7
25173,icmp,1
25187,tcp,1
25250,udp,1
25258,tcp,1
25269,udp,1
25352,icmp,9
25361,udp,1
25377,icmp,1
25381,tcp,1
25383,udp,1
25399,udp,1
25403,udp,1
25424,icmp,1
25430,udp,1
25436,tcp,1
25441,udp,16
25452,icmp,4
25472,icmp,2
25483,icmp,1
25488,icmp,1
25513,tcp,8
25523,icmp,7
25526,tcp,1
25534,icmp,1
25546,tcp,1
25546,udp,1
25555,udp,7
25571,icmp,1
25578,icmp,1
25602,icmp,10
25639,udp,1
25665,icmp,7
25692,tcp,1
25694,udp,1
25729,tcp,1
25788,icmp,1
25789,icmp,1
25798,udp,1
25830,icmp,1
25844,udp,1
25886,tcp,12
25923,tcp,1
25943,icmp,1
25955,tcp,1
25964,udp,1
25971,icmp,1
25977,icmp,1
25982,udp,1
25988,udp,5
25995,tcp,1
25996,tcp,1
25999,icmp,1
26021,udp,8
26027,icmp,1
26032,icmp,1
26033,tcp,7
26075,udp,7
26080,icmp,7
26102,tcp,1
26116,tcp,1
26123,icmp,1
26144,icmp,6
26176,tcp,1
26215,udp,1
26217,udp,1
26228,icmp,1
26229,udp,1
26230,tcp,12
26237,tcp,1
26257,icmp,1
26294,icmp,3
26306,icmp,4
26309,icmp,1
26311,tcp,1
26334,icmp,1
26375,tcp,1
26467,udp,1
26479,icmp,1
26500,icmp,1
26501,icmp,1
26513,icmp,1
26546,tcp,1
26549,icmp,1
26578,tcp,1
26639,tcp,1
26654,tcp,1
26661,tcp,8
26675,icmp,1
26689,tcp,11
26701,tcp,1
26708,udp,1
26710,tcp,1
26717,tcp,9
26766,tcp,8
26778,icmp,1
26795,udp,1
26810,tcp,1
26817,icmp,1
26837,udp,1
26852,udp,1
26861,udp,8
26865,icmp,1
26870,udp,1
26882,udp,8
26886,udp,1
26888,icmp,1
26892,icmp,1
26936,udp,1
26949,icmp,1
26957,icmp,1
26968,tcp,1
26987,icmp,4
26992,udp,1
27016,icmp,1
27016,udp,1
27021,icmp,1
27048,udp,1
27062,udp,1
27093,tcp,5
27095,icmp,1
27138,udp,1
27178,tcp,1
27190,icmp,6
27211,udp,8
27240,icmp,1
27263,tcp,1
27282,tcp,1
27295,udp,1
27320,udp,1
27329,tcp,1
27374,tcp,1
27395,udp,7
27427,udp,1
27432,udp,9
27439,icmp,1
27444,udp,1
27464,tcp,2
27479,udp,1
27491,udp,1
27506,udp,1
27513,udp,4
27523,tcp,1
27595,tcp,1
27596,tcp,1
27611,tcp,1
27630,icmp,1
27631,udp,1
27639,icmp,1
27641,tcp,1
27642,icmp,8
27653,tcp,4
27660,tcp,1
27664,icmp,1
27729,udp,8
27732,udp,4
27744,tcp,1
27802,icmp,1
27816,tcp,5
27826,tcp,1
27846,udp,4
27865,icmp,1
27869,icmp,1
27870,tcp,4
27878,udp,1
27880,tcp,1
27889,udp,1
27901,udp,5
27904,tcp,1
27911,tcp,1
27920,udp,1
27997,icmp,1
28021,icmp,1
28110,udp,1
28112,tcp,1
28123,udp,1
28130,udp,1
28154,udp,1
28200,icmp,1
28202,icmp,2
28210,udp,1
28237,icmp,1
28246,udp,1
28260,udp,1
28268,udp,1
28278,icmp,1
28284,tcp,1
28289,icmp,1
28343,icmp,1
28345,icmp,1
28353,icmp,1
28386,icmp,11
28393,tcp,1
28418,icmp,11
28452,icmp,9
28453,tcp,1
28474,udp,1
28476,tcp,1
28490,icmp,6
28557,tcp,1
28584,udp,1
28587,udp,1
28615,udp,1
28617,tcp,1
28618,tcp,1
28628,tcp,1
28642,tcp,1
28657,icmp,1
28697,icmp,1
28714,udp,1
28720,icmp,7
28745,udp,1
28749,udp,1
28771,udp,1
28779,tcp,1
28782,tcp,1
28793,tcp,1
28797,udp,7
28806,icmp,12
28820,icmp,1
28835,icmp,7
28849,icmp,1
28857,tcp,1
28861,tcp,10
28874,icmp,1
28879,tcp,1
28886,tcp,12
28891,icmp,7
28904,icmp,1
28910,tcp,6
28921,udp,1
28936,icmp,1
28977,tcp,1
28980,udp,1
28986,udp,1
28991,icmp,1
29015,udp,1
29020,icmp,1
29023,udp,1
29026,tcp,1
29035,icmp,1
29041,icmp,10
29041,udp,1
29069,tcp,1
29079,tcp,1
29085,icmp,1
29105,udp,1
29116,icmp,9
29118,icmp,1
29127,tcp,1
29237,icmp,1
29253,tcp,6
29260,udp,1
29262,udp,1
29278,udp,1
29283,icmp,1
29291,udp,1
29300,icmp,1
29357,tcp,7
29374,tcp,1
29416,udp,7
29420,tcp,1
29525,udp,1
29541,tcp,1
29572,icmp,9
29590,tcp,7
29592,tcp,9
29602,udp,1
29609,tcp,5
29637,tcp,4
29638,tcp,6
29650,icmp,1
29666,icmp,1
29703,udp,1
29707,tcp,1
29729,icmp,4
29762,icmp,1
29766,udp,1
29792,tcp,1
29795,icmp,1
29795,udp,1
29816,tcp,1
29821,icmp,1
29898,tcp,1
29900,udp,4
29941,udp,1
29961,udp,1
30017,icmp,1
30018,tcp,1
30054,icmp,1
30063,tcp,12
30084,icmp,1
30093,icmp,1
30115,udp,4
30142,tcp,1
30150,tcp,8
30188,tcp,2
30198,udp,1
30266,tcp,1
30269,icmp,1
30285,icmp,1
30294,icmp,1
30298,icmp,1
30304,udp,1
30318,icmp,1
30319,icmp,1
30376,tcp,4
30410,udp,1
30414,udp,1
30433,udp,1
30437,udp,1
30460,udp,1
30461,tcp,1
30476,tcp,1
30478,tcp,1
30497,icmp,1
30500,icmp,9
30507,udp,10
30524,icmp,1
30529,udp,8
30560,tcp,1
30564,tcp,1
30572,tcp,7
30581,udp,1
30611,tcp,1
30619,udp,1
30624,icmp,4
30662,tcp,1
30673,icmp,1
30681,tcp,1
30691,icmp,1
30696,icmp,3
30719,tcp,1
30740,tcp,1
30769,tcp,1
30776,tcp,1
30779,udp,6
30796,icmp,1
30800,tcp,6
30802,tcp,1
30809,udp,11
30817,icmp,3
30824,tcp,1
30835,tcp,1
30851,icmp,1
30861,udp,1
30867,tcp,1
30879,tcp,4
30901,tcp,1
30907,tcp,8
30924,tcp,1
30926,tcp,1
30945,icmp,1
30953,icmp,1
30962,tcp,1
30982,udp,1
30983,tcp,1
31019,udp,1
31030,tcp,8
31036,udp,3
31042,icmp,1
31048,tcp,1
31053,tcp,1
31062,icmp,1
31111,icmp,1
31137,tcp,1
31143,tcp,1
31158,icmp,1
31183,udp,1
31202,udp,8
31227,icmp,1
31232,tcp,11
31259,icmp,1
31289,udp,1
31377,icmp,1
31408,udp,1
31409,tcp,10
31424,tcp,10
31447,icmp,1
31487,udp,1
31497,icmp,1
31507,udp,1
31524,udp,9
31593,icmp,1
31602,udp,10
31622,tcp,9
31651,udp,1
31671,udp,1
31672,tcp,1
31715,udp,1
31734,icmp,1
31743,tcp,1
31751,tcp,1
31760,udp,6
31775,udp,1
31777,udp,4
31784,icmp,1
31810,tcp,1
31826,tcp,1
31827,tcp,1
31830,udp,8
31846,icmp,4
31871,tcp,1
31880,icmp,1
31890,icmp,1
31894,icmp,7
31894,udp,1
31922,udp,1
31955,icmp,4
31977,icmp,1
31991,udp,1
32035,udp,7
32041,udp,10
32055,icmp,1
32073,icmp,1
32091,udp,1
32101,icmp,1
32119,tcp,6
32132,udp,14
32157,tcp,1
32179,udp,1
32183,tcp,1
32192,udp,1
32203,icmp,1
32215,tcp,1
32226,tcp,1
32275,udp,1
32286,udp,1
32340,tcp,6
32343,udp,7
32348,tcp,1
32355,tcp,1
32364,icmp,1
32367,icmp,1
32371,udp,1
32405,icmp,1
32423,icmp,6
32465,tcp,1
32466,icmp,1
32492,tcp,1
32495,udp,1
32516,icmp,1
32541,udp,1
32546,tcp,1
32548,icmp,1
32555,icmp,7
32570,udp,1
32617,icmp,10
32621,udp,1
32622,icmp,1
32633,icmp,1
32643,udp,1
32691,udp,9
32746,udp,1
32748,icmp,6
32765,icmp,1
32772,tcp,1
32780,udp,1
32781,udp,1
32798,icmp,1
32802,tcp,1
32817,icmp,1
32829,icmp,1
32841,icmp,1
32841,tcp,10
32851,udp,3
32854,udp,1
32863,udp,1
32864,icmp,1
32864,udp,3
32874,icmp,1
32886,udp,1
32887,icmp,1
32913,tcp,1
32914,icmp,1
32928,tcp,1
32936,udp,8
32959,tcp,1
32959,udp,1
32972,icmp,1
32995,tcp,1
33015,icmp,6
33046,udp,1
33089,icmp,1
33116,udp,9
33140,udp,1
33184,icmp,1
33184,udp,6
33201,udp,2
33204,tcp,1
33221,udp,1
33233,udp,1
33238,icmp,4
33284,udp,1
33286,udp,1
33292,tcp,1
33374,tcp,6
33375,icmp,1
33400,icmp,1
33415,icmp,1
33427,udp,1
33436,icmp,1
33451,icmp,1
33451,udp,1
33453,udp,1
33467,tcp,1
33477,tcp,1
33479,tcp,1
33481,icmp,1
33500,icmp,1
33514,tcp,1
33523,tcp,1
33550,udp,1
33561,tcp,8
33568,icmp,10
33572,tcp,1
33579,icmp,1
33582,udp,10
33605,tcp,1
33612,udp,1
33620,udp,3
33634,icmp,10
33657,tcp,1
33676,icmp,13
33688,tcp,1
33716,tcp,1
33722,udp,1
33728,icmp,6
33758,tcp,1
33760,icmp,1
33774,tcp,1
33776,tcp,1
33790,tcp,8
33792,icmp,8
33806,icmp,1
33827,udp,1
33832,icmp,1
33841,icmp,1
33845,icmp,1
33845,udp,1
33846,icmp,1
33862,icmp,1
33871,tcp,1
33874,icmp,6
33892,udp,1
33901,icmp,1
33910,tcp,1
33947,icmp,1
34004,udp,1
34037,icmp,1
34045,udp,1
34068,icmp,6
34076,udp,1
34091,udp,1
34099,udp,1
34130,icmp,13
34179,udp,1
34194,icmp,1
34206,icmp,6
34207,udp,1
34209,tcp,1
34213,tcp,1
34232,tcp,1
34239,udp,1
34246,icmp,1
34319,icmp,1
34320,udp,1
34325,tcp,10
34332,icmp,9
34332,udp,5
34345,tcp,1
34348,icmp,1
34379,icmp,1
34396,icmp,10
34427,icmp,8
34430,icmp,1
34458,udp,8
34477,tcp,1
34479,udp,1
34541,icmp,1
34542,icmp,2
34592,tcp,4
34621,icmp,1
34632,tcp,8
34637,udp,1
34640,udp,7
34667,udp,1
34674,udp,1
34677,tcp,1
34682,udp,1
34721,icmp,1
34828,icmp,1
34838,tcp,1
34846,tcp,1
34865,icmp,1
34867,tcp,1
34880,tcp,8
34900,udp,1
34903,udp,1
34924,udp,1
34943,icmp,1
34951,udp,2
34955,udp,1
34961,udp,8
34974,icmp,1
34992,tcp,6
35003,udp,1
35004,udp,1
35018,tcp,1
35029,tcp,1
35046,udp,1
35056,icmp,2
35069,icmp,4
35075,tcp,1
35084,tcp,1
35094,udp,1
35158,udp,8
35193,tcp,1
35220,icmp,1
35227,udp,1
35231,udp,1
35269,icmp,1
35276,udp,1
35287,tcp,1
35306,udp,9
35312,icmp,1
35326,tcp,1
35347,icmp,1
35369,icmp,1
35424,icmp,1
35453,udp,12
35499,tcp,1
35534,tcp,1
35535,icmp,1
35548,udp,1
35552,icmp,7
35558,udp,4
35568,icmp,5
35588,udp,1
35608,icmp,1
35639,tcp,1
35675,udp,8
35700,tcp,1
35706,udp,7
35712,tcp,1
35712,udp,1
35721,icmp,6
35747,udp,1
35805,tcp,1
35811,icmp,13
35822,icmp,9
35839,tcp,1
35844,tcp,8
35901,icmp,5
35907,udp,9
35910,icmp,1
35912,udp,1
35914,tcp,1
35943,icmp,1
35954,icmp,1
35983,udp,6
35986,udp,6
36038,icmp,1
36113,icmp,1
36215,tcp,1
36249,udp,1
36259,icmp,1
36270,tcp,1
36302,tcp,1
36318,tcp,6
36331,icmp,10
36335,icmp,1
36347,icmp,3
36351,icmp,1
36351,tcp,1
36395,icmp,1
36398,tcp,1
36407,tcp,1
36412,icmp,3
36413,udp,5
36495,tcp,1
36526,udp,1
36549,udp,1
36580,udp,1
36593,icmp,9
36624,tcp,1
36627,udp,1
36633,icmp,1
36644,tcp,1
36655,udp,1
36661,udp,1
36662,icmp,1
36665,udp,7
36678,icmp,7
36683,tcp,1
36687,icmp,1
36722,udp,1
36725,udp,1
36738,tcp,1
36764,tcp,1
36770,tcp,1
36803,icmp,1
36807,tcp,1
36809,icmp,1
36842,udp,1
36851,udp,1
36855,icmp,1
36858,icmp,1
36861,udp,1
36937,icmp,10
36945,icmp,1
36949,tcp,8
37008,tcp,1
37013,udp,1
37027,tcp,5
37036,tcp,1
37087,icmp,1
37096,icmp,1
37104,udp,1
37122,tcp,12
37129,icmp,1
37146,tcp,6
37156,icmp,1
37159,udp,5
37160,icmp,1
37175,tcp,1
37180,udp,1
37190,tcp,8
37210,icmp,1
37210,tcp,1
37228,tcp,1
37236,icmp,1
37274,icmp,1
37275,udp,1
37285,udp,1
37310,udp,1
37322,udp,9
37332,icmp,1
37334,icmp,6
37352,icmp,8
37359,icmp,1
37389,udp,1
37416,icmp,1
37457,tcp,1
37464,tcp,1
37468,tcp,1
37479,udp,8
37481,udp,1
37497,udp,1
37610,tcp,1
37623,icmp,1
37644,udp,1
37669,tcp,1
37689,icmp,1
37716,icmp,1
37728,icmp,7
37731,icmp,1
37731,udp,1
37767,tcp,1
37776,udp,5
37812,udp,1
37818,udp,1
37827,udp,6
37899,udp,1
37909,tcp,8
37916,udp,1
37924,icmp,1
37925,tcp,9
37929,tcp,1
37930,icmp,1
37986,tcp,1
38027,udp,1
38036,tcp,13
38070,udp,1
38084,udp,1
38108,udp,1
38110,tcp,1
38113,icmp,1
38115,tcp,1
38154,tcp,1
38158,udp,9
38185,udp,8
38220,udp,1
38234,udp,8
38241,icmp,1
38300,tcp,1
38342,icmp,1
38388,udp,1
38439,tcp,1
38446,icmp,1
38451,tcp,1
38460,tcp,11
38461,tcp,1
38475,icmp,8
38491,udp,1
38500,icmp,1
38514,udp,9
38525,tcp,1
38533,icmp,12
38535,icmp,2
38555,tcp,5
38557,udp,1
38623,tcp,1
38635,udp,1
38655,tcp,1
38659,icmp,10
38661,icmp,1
38664,tcp,1
38706,tcp,1
38711,udp,1
38731,icmp,1
38734,udp,1
38743,tcp,1
38753,udp,11
38754,tcp,8
38773,udp,8
38810,icmp,1
38827,udp,1
38833,udp,6
38835,tcp,1
38865,udp,1
38906,udp,1
38923,tcp,1
38932,icmp,1
38985,tcp,5
38988,tcp,1
39004,udp,1
39060,tcp,1
39085,udp,1
39106,udp,1
39124,udp,1
39138,icmp,3
39144,tcp,1
39145,udp,1
39169,tcp,1
39177,icmp,1
39184,udp,1
39196,tcp,1
39196,udp,1
39207,icmp,1
39216,udp,8
39237,tcp,1
39242,icmp,4
39272,udp,1
39304,icmp,1
39306,udp,1
39315,icmp,1
39393,udp,1
39405,icmp,10
39432,icmp,1
39441,tcp,1
39456,tcp,5
39479,tcp,1
39495,icmp,5
39516,tcp,1
39521,icmp,1
39531,udp,1
39533,udp,5
39577,icmp,1
39611,icmp,10
39619,udp,1
39646,tcp,1
39658,tcp,1
39664,icmp,1
39678,icmp,1
39690,icmp,1
39742,udp,1
39755,udp,1
39771,icmp,1
39785,icmp,1
39788,udp,1
39789,udp,8
39814,udp,1
39876,udp,1
39896,udp,10
39906,icmp,1
39907,tcp,1
39927,tcp,1
39938,icmp,1
39948,icmp,1
39989,udp,1
40011,tcp,1
40028,tcp,1
40046,icmp,1
40052,tcp,1
40068,tcp,1
40071,icmp,1
40091,tcp,1
40117,tcp,1
40133,icmp,4
40154,tcp,1
40157,tcp,1
40160,tcp,1
40161,udp,8
40166,icmp,1
40172,tcp,1
40194,udp,1
40202,udp,1
40236,tcp,1
40238,icmp,6
40259,icmp,1
40279,tcp,1
40312,tcp,1
40315,icmp,10
40321,icmp,4
40333,udp,1
40380,icmp,4
40382,udp,1
40388,icmp,1
40410,icmp,4
40429,icmp,1
40436,icmp,6
40437,tcp,1
40441,udp,1
40444,icmp,1
40454,tcp,1
40474,tcp,1
40503,icmp,11
40522,udp,1
40559,udp,1
40625,icmp,1
40627,tcp,6
40631,udp,1
40653,udp,5
40728,tcp,1
40734,tcp,1
40736,udp,1
40738,udp,1
40819,icmp,7
40829,udp,1
40831,udp,1
40852,udp,1
40860,udp,9
40872,udp,1
40901,icmp,1
40915,icmp,8
40920,udp,1
40929,tcp,2
40932,udp,1
40969,udp,9
40983,tcp,7
40995,tcp,1
41001,icmp,1
41002,icmp,7
41005,tcp,1
41040,udp,1
41052,tcp,1
41119,udp,5
41141,tcp,1
41155,icmp,1
41199,icmp,8
41215,udp,6
41222,tcp,5
41229,udp,1
41251,icmp,1
41252,icmp,1
41264,icmp,1
41284,tcp,1
41285,tcp,1
41318,icmp,1
41327,icmp,1
41327,tcp,1
41330,icmp,1
41368,icmp,1
41395,tcp,1
41398,udp,1
41410,icmp,9
41414,icmp,1
41421,tcp,8
41457,udp,1
41472,udp,1
41500,icmp,5
41517,icmp,1
41558,icmp,1
41579,tcp,1
41589,icmp,1
41599,tcp,1
41619,icmp,1
41620,tcp,8
41624,icmp,1
41639,tcp,5
41661,tcp,1
41666,icmp,1
41668,tcp,1
41695,icmp,2
41698,udp,1
41735,tcp,5
41752,tcp,1
41755,udp,8
41756,icmp,1
41779,udp,1
41801,udp,7
41874,tcp,1
41885,tcp,1
41901,tcp,1
41917,icmp,1
41919,tcp,1
41960,icmp,1
41962,udp,13
41985,tcp,4
42028,udp,7
42041,udp,5
42043,udp,1
42044,tcp,1
42059,icmp,1
42071,icmp,1
42111,udp,1
42156,icmp,1
42190,icmp,1
42198,icmp,1
42198,udp,1
42226,tcp,10
42251,tcp,1
42288,icmp,5
42311,udp,1
42314,tcp,6
42316,udp,1
42369,tcp,1
42373,icmp,1
42376,udp,1
42386,tcp,1
42389,tcp,1
42422,tcp,12
42432,icmp,1
42433,udp,1
42439,udp,1
42440,icmp,1
42455,tcp,1
42459,tcp,1
42477,udp,2
42478,udp,1
42489,tcp,4
42490,tcp,1
42497,udp,1
42515,udp,1
42537,icmp,12
42551,udp,1
42554,tcp,5
42562,icmp,1
42579,tcp,1
42600,udp,1
42601,icmp,1
42605,tcp,1
42606,tcp,1
42629,udp,6
42630,icmp,1
42646,udp,1
42647,udp,6
42650,tcp,10
42659,icmp,5
42702,icmp,1
42703,tcp,1
42707,tcp,1
42754,icmp,1
42759,tcp,1
42862,udp,1
42864,tcp,1
42879,icmp,1
42886,tcp,1
42893,udp,5
42898,tcp,12
42914,udp,1
42946,icmp,1
42964,icmp,1
42972,icmp,1
43007,tcp,1
43022,tcp,1
43053,tcp,1
43066,udp,1
43084,icmp,8
43101,icmp,1
43136,tcp,1
43154,tcp,1
43158,udp,1
43160,icmp,1
43242,udp,1
43299,tcp,6
43318,icmp,1
43319,icmp,1
43346,icmp,1
43354,icmp,1
43369,icmp,8
43371,tcp,1
43375,udp,1
43379,udp,1
43385,tcp,8
43430,icmp,1
43434,udp,1
43439,icmp,6
43449,udp,1
43469,udp,1
43471,udp,7
43478,tcp,1
43486,tcp,1
43493,tcp,1
43508,icmp,1
43510,tcp,12
43552,icmp,1
43565,icmp,1
43566,tcp,1
43568,icmp,1
43578,icmp,5
43633,icmp,1
43681,tcp,1
43687,icmp,1
43704,tcp,1
43717,icmp,1
43730,icmp,1
43743,icmp,9
43778,icmp,1
43780,icmp,5
43816,udp,1
43822,tcp,4
43830,tcp,1
43831,icmp,1
43835,tcp,16
43837,udp,12
43849,udp,1
43861,udp,5
43872,udp,1
43877,tcp,5
43891,icmp,8
43891,tcp,1
43941,tcp,1
43942,icmp,1
44067,udp,8
44068,udp,1
44100,tcp,1
44121,icmp,1
44127,tcp,7
44130,udp,1
44133,udp,1
44147,icmp,1
44149,icmp,1
44186,icmp,1
44222,udp,1
44223,tcp,6
44238,tcp,4
44253,tcp,1
44276,udp,1
44299,tcp,1
44302,icmp,1
44303,tcp,1
44306,icmp,1
44306,tcp,1
44310,tcp,10
44312,udp,1
44315,udp,1
44330,tcp,1
44335,udp,1
44342,udp,1
44344,icmp,1
44386,icmp,1
44388,udp,1
44389,tcp,1
44424,icmp,1
44429,icmp,1
44429,tcp,1
44435,tcp,1
44444,tcp,1
44465,icmp,7
44473,icmp,1
44475,icmp,8
44479,udp,1
44490,icmp,1
44505,icmp,8
44533,udp,1
44558,icmp,1
44560,udp,1
44563,tcp,1
44564,tcp,1
44571,udp,6
44600,icmp,1
44608,icmp,1
44622,icmp,1
44650,icmp,1
44662,udp,1
44666,tcp,1
44667,tcp,1
44687,icmp,1
44720,icmp,1
44750,udp,1
44764,tcp,1
44805,udp,1
44812,udp,1
44822,icmp,1
44828,icmp,1
44837,icmp,1
44843,tcp,6
44846,udp,1
44851,tcp,6
44877,icmp,1
44911,udp,4
44956,tcp,1
44962,udp,1
44966,udp,1
44968,icmp,1
44978,tcp,1
44990,udp,1
44994,udp,5
45015,udp,1
45017,icmp,1
45025,tcp,7
45042,icmp,1
45043,udp,1
45045,icmp,1
45047,tcp,2
45050,udp,1
45070,udp,1
45072,tcp,1
45095,tcp,1
45127,tcp,1
45150,udp,1
45175,udp,8
45189,icmp,5
45208,tcp,1
45212,tcp,1
45246,icmp,13
45268,icmp,1
45301,udp,1
45324,tcp,1
45345,tcp,1
45392,udp,1
45398,icmp,1
45431,udp,1
45439,tcp,1
45461,tcp,1
45468,tcp,7
45526,tcp,7
45529,udp,5
45533,tcp,1
45546,udp,1
45553,icmp,6
45582,udp,1
45594,tcp,1
45630,icmp,1
45654,udp,1
45663,udp,1
45673,tcp,8
45681,icmp,1
45688,tcp,1
45698,tcp,1
45749,icmp,1
45759,tcp,1
45785,udp,1
45798,tcp,1
45800,udp,1
45829,udp,1
45834,icmp,1
45834,udp,1
45838,tcp,11
45846,udp,1
45852,udp,13
45863,udp,1
45866,tcp,1
45898,icmp,8
45911,tcp,1
45921,tcp,1
45932,udp,1
45941,udp,1
45955,tcp,1
45983,udp,1
45987,tcp,1
46021,icmp,1
46031,tcp,2
46047,udp,1
46067,tcp,1
46072,udp,1
46080,udp,1
46086,tcp,1
46092,icmp,1
46097,icmp,5
46111,icmp,2
46142,icmp,1
46156,udp,1
46190,udp,1
46205,icmp,3
46244,udp,1
46268,icmp,7
46291,udp,6
46321,icmp,1
46327,tcp,1
46333,icmp,11
46333,udp,1
46334,tcp,1
46338,icmp,7
46342,udp,1
46382,udp,1
46436,tcp,1
46437,icmp,1
46438,tcp,1
46440,udp,1
46446,icmp,1
46466,icmp,1
46504,icmp,4
46537,udp,1
46559,tcp,1
46561,tcp,1
46565,icmp,1
46567,tcp,1
46581,icmp,4
46583,icmp,1
46589,tcp,1
46602,tcp,1
46610,tcp,1
46626,icmp,1
46626,udp,1
46638,tcp,6
46647,udp,1
46653,udp,1
46655,udp,1
46656,tcp,1
46660,tcp,1
46665,tcp,1
46712,udp,1
46718,tcp,1
46741,tcp,4
46820,icmp,6
46824,tcp,1
46828,udp,9
46836,tcp,1
46845,tcp,1
46870,icmp,1
46873,icmp,1
46947,tcp,1
46948,icmp,12
46950,tcp,1
46952,udp,1
46956,icmp,1
46977,tcp,1
46978,udp,1
46993,tcp,6
46998,udp,1
47051,udp,1
47072,udp,1
47118,tcp,5
47118,udp,8
47159,tcp,1
47184,udp,9
47193,icmp,1
47208,tcp,1
47242,udp,1
47245,udp,1
47249,icmp,7
47261,udp,1
47278,udp,1
47344,icmp,1
47383,tcp,1
47394,tcp,3
47409,udp,1
47418,udp,1
47436,icmp,1
47463,icmp,10
47473,icmp,1
47501,tcp,1
47539,tcp,1
47542,udp,1
47562,tcp,1
47593,tcp,1
47626,udp,1
47635,icmp,1
47690,udp,1
47721,udp,1
47722,icmp,1
47773,tcp,1
47791,udp,1
47801,icmp,1
47805,icmp,1
47815,tcp,1
47816,udp,1
47837,tcp,3
47847,icmp,1
47893,udp,7
47919,icmp,9
47927,udp,1
47932,udp,10
47944,icmp,1
47944,udp,1
47983,icmp,11
47987,tcp,1
47991,tcp,7
48005,tcp,1
48011,tcp,1
48043,tcp,4
48049,udp,1
48085,tcp,1
48096,icmp,1
48130,tcp,1
48146,icmp,1
48146,udp,1
48161,icmp,5
48174,icmp,1
48178,tcp,1
48189,tcp,6
48212,icmp,1
48216,tcp,1
48228,icmp,1
48228,tcp,4
48237,tcp,1
48245,icmp,6
48285,tcp,8
48300,udp,1
48310,tcp,1
48320,udp,1
48325,udp,1
48331,udp,1
48341,udp,1
48366,icmp,1
48401,icmp,1
48404,icmp,1
48416,icmp,1
48424,tcp,1
48427,tcp,1
48467,tcp,1
48505,icmp,1
48532,udp,1
48539,tcp,1
48539,udp,8
48560,icmp,1
48566,tcp,2
48575,tcp,8
48584,icmp,6
48585,icmp,1
48613,icmp,1
48616,udp,1
48618,icmp,1
48624,icmp,1
48654,icmp,9
48662,icmp,1
48679,udp,1
48738,tcp,1
48762,icmp,1
48770,icmp,1
48804,tcp,1
48821,icmp,7
48827,tcp,1
48827,udp,1
48832,icmp,1
48841,tcp,1
48853,udp,1
48866,udp,1
48870,udp,1
48893,tcp,9
48928,udp,1
48930,udp,1
48940,icmp,1
48950,tcp,1
48954,icmp,8
48964,udp,1
48965,tcp,1
48984,tcp,12
49005,tcp,1
49016,tcp,1
49019,tcp,1
49020,icmp,1
49064,icmp,1
49072,icmp,1
49090,udp,10
49095,udp,1
49105,tcp,12
49131,icmp,1
49150,udp,1
49163,icmp,11
49170,udp,1
49176,icmp,1
49177,icmp,1
49245,icmp,5
49254,tcp,1
49255,udp,1
49268,tcp,6
49282,udp,1
49315,udp,1
49359,icmp,1
49393,icmp,1
49402,icmp,1
49412,icmp,1
49451,udp,1
49469,udp,1
49485,tcp,1
49506,icmp,1
49518,udp,1
49531,udp,7
49623,udp,12
49673,tcp,1
49681,udp,1
49695,icmp,4
49696,icmp,1
49720,icmp,1
49740,tcp,6
49758,udp,1
49765,udp,1
49794,tcp,1
49807,tcp,1
49816,udp,5
49821,icmp,1
49833,tcp,1
49845,udp,8
49849,udp,8
49856,udp,10
49866,tcp,1
49903,udp,1
49909,udp,6
49925,icmp,1
49942,icmp,1
49980,icmp,7
50017,udp,1
50030,udp,1
50043,udp,1
50056,icmp,1
50068,tcp,1
50074,udp,10
50078,udp,1
50105,tcp,1
50113,tcp,1
50118,tcp,1
50119,icmp,6
50163,tcp,3
50169,tcp,1
50185,udp,5
50218,udp,1
50225,icmp,1
50292,udp,1
50341,tcp,8
50440,udp,1
50445,icmp,6
50483,icmp,1
50488,udp,1
50515,tcp,1
50530,icmp,1
50533,udp,6
50576,icmp,5
50585,tcp,1
50586,udp,6
50610,tcp,1
50625,icmp,1
50627,tcp,1
50628,udp,1
50633,tcp,1
50635,icmp,1
50635,tcp,1
50639,tcp,1
50641,tcp,1
50652,tcp,1
50674,tcp,1
50698,tcp,9
50710,udp,8
50724,tcp,9
50759,icmp,1
50766,tcp,1
50785,icmp,1
50796,icmp,1
50821,udp,1
50831,udp,1
50843,udp,1
50853,icmp,1
50855,icmp,3
50862,icmp,1
50877,tcp,1
50896,udp,1
50910,icmp,1
50981,icmp,1
51015,icmp,1
51018,icmp,1
51020,icmp,1
51022,icmp,1
51037,icmp,1
51050,icmp,1
51054,udp,1
51085,udp,1
51093,udp,5
51108,tcp,6
51153,udp,1
51163,tcp,1
51175,tcp,8
51197,icmp,1
51203,udp,1
51204,icmp,1
51209,icmp,1
51212,icmp,1
51217,tcp,1
51233,tcp,6
51259,tcp,1
51282,icmp,1
51321,tcp,1
51349,tcp,1
51375,udp,11
51377,tcp,3
51426,tcp,1
51468,tcp,1
51469,tcp,1
51493,udp,1
51539,udp,1
51545,tcp,1
51567,udp,1
51574,icmp,1
51577,icmp,1
51584,icmp,1
51594,tcp,1
51650,icmp,1
51688,icmp,7
51690,tcp,1
51712,icmp,1
51727,udp,1
51787,icmp,1
51793,udp,1
51799,udp,1
51811,tcp,1
51828,udp,1
51841,tcp,5
51889,icmp,1
51908,udp,1
51915,tcp,1
51915,udp,1
51916,icmp,6
51922,udp,10
51930,tcp,1
51939,udp,1
51950,tcp,2
51956,icmp,1
51981,udp,1
51995,icmp,1
52008,icmp,1
52011,udp,1
52012,udp,1
52026,icmp,1
52031,udp,1
52035,tcp,1
52040,tcp,1
52043,udp,5
52048,udp,1
52064,udp,1
52068,icmp,1
52071,tcp,1
52071,udp,1
52076,icmp,1
52096,udp,5
52120,tcp,7
52132,tcp,1
52154,icmp,1
52155,udp,1
52158,tcp,1
52178,tcp,1
52263,tcp,9
52269,icmp,1
52295,icmp,9
52306,icmp,1
52312,icmp,1
52349,icmp,1
52349,udp,7
52360,udp,11
52363,udp,1
52364,tcp,8
52389,icmp,7
52389,udp,7
52393,tcp,1
52394,tcp,7
52415,tcp,1
52454,tcp,1
52472,udp,1
52475,icmp,1
52476,udp,1
52488,udp,1
52523,udp,1
52557,icmp,10
52557,tcp,1
52563,tcp,1
52580,udp,1
52586,udp,12
52595,tcp,1
52601,icmp,1
52601,udp,1
52613,udp,1
52622,udp,12
52623,icmp,1
52666,tcp,1
52674,udp,1
52695,udp,10
52701,udp,1
52708,udp,1
52715,icmp,1
52729,icmp,1
52742,tcp,9
52764,udp,1
52787,icmp,1
52801,udp,1
52827,tcp,1
52849,tcp,8
52875,udp,1
52877,tcp,1
52886,udp,1
52910,tcp,5
52997,udp,4
53018,tcp,1
53037,icmp,5
53041,tcp,5
53056,tcp,1
53069,tcp,1
53077,udp,1
53092,udp,1
53110,icmp,8
53112,icmp,1
53119,icmp,1
53119,tcp,1
53143,icmp,1
53147,icmp,1
53176,icmp,1
53202,udp,8
53204,tcp,1
53244,tcp,1
53249,tcp,7
53280,tcp,1
53283,udp,1
53290,icmp,1
53296,tcp,1
53299,icmp,1
53313,tcp,1
53324,tcp,1
53325,tcp,1
53375,tcp,1
53400,tcp,1
53431,udp,1
53441,tcp,7
53448,icmp,1
53465,icmp,1
53482,icmp,1
53503,icmp,6
53510,tcp,1
53511,udp,10
53533,icmp,1
53536,udp,1
53540,tcp,1
53558,icmp,1
53560,icmp,2
53594,icmp,1
53612,tcp,1
53642,icmp,7
53644,icmp,1
53655,udp,1
53703,udp,1
53722,icmp,1
53735,tcp,1
53738,icmp,1
53756,icmp,1
53773,icmp,1
53790,icmp,1
53809,udp,7
53810,tcp,1
53814,icmp,1
53848,udp,1
53859,icmp,1
53859,tcp,4
53884,tcp,6
53886,udp,8
53889,udp,1
53898,tcp,1
53899,udp,7
53900,udp,6
53938,icmp,2
53957,tcp,1
53957,udp,9
53971,icmp,8
53984,udp,8
53992,tcp,7
54002,udp,8
54019,tcp,1
54024,udp,1
54029,icmp,6
54045,tcp,7
54122,udp,8
54136,icmp,1
54145,icmp,1
54173,icmp,1
54205,icmp,1
54227,icmp,1
54254,udp,1
54306,tcp,1
54314,tcp,1
54340,tcp,1
54346,tcp,1
54397,icmp,1
54427,tcp,1
54470,icmp,4
54486,tcp,1
54507,tcp,12
54516,udp,9
54518,udp,1
54548,icmp,1
54570,udp,4
54573,udp,1
54580,icmp,1
54581,udp,1
54598,tcp,1
54626,udp,1
54628,udp,1
54629,icmp,1
54630,icmp,1
54646,udp,1
54650,icmp,1
54655,tcp,1
54656,tcp,1
54677,udp,1
54679,tcp,1
54689,udp,1
54701,icmp,1
54703,udp,1
54719,tcp,5
54721,tcp,1
54722,icmp,1
54722,udp,1
54726,tcp,14
54737,tcp,8
54741,udp,1
54743,tcp,1
54755,tcp,1
54759,icmp,1
54767,udp,1
54774,icmp,1
54786,udp,1
54791,udp,1
54837,tcp,11
54840,udp,1
54862,icmp,4
54864,tcp,1
54865,icmp,1
54870,icmp,1
54870,tcp,1
54875,tcp,1
54878,icmp,1
54896,udp,1
54897,icmp,1
54900,udp,1
54924,tcp,1
54948,icmp,1
54963,icmp,1
54970,udp,1
55026,tcp,1
55035,udp,1
55059,tcp,1
55067,udp,1
55079,tcp,1
55110,udp,1
55163,icmp,1
55261,udp,7
55265,udp,1
55272,udp,5
55275,icmp,11
55303,icmp,10
55327,icmp,1
55331,icmp,1
55348,icmp,1
55349,icmp,1
55390,tcp,6
55403,tcp,1
55431,tcp,1
55433,udp,1
55442,icmp,1
55444,udp,12
55491,icmp,9
55515,icmp,1
55571,tcp,1
55588,tcp,1
55645,tcp,1
55706,icmp,1
55714,tcp,1
55721,udp,1
55820,tcp,1
55828,tcp,1
55831,udp,1
55844,icmp,1
55867,udp,1
55870,icmp,1
55873,icmp,1
55891,icmp,1
55900,icmp,8
55923,udp,1
55929,tcp,1
55934,tcp,8
55943,icmp,1
55946,tcp,1
55949,icmp,6
55970,udp,1
55978,udp,6
55998,tcp,1
56012,tcp,1
56032,icmp,1
56054,udp,6
56055,udp,1
56062,icmp,1
56159,udp,1
56167,icmp,5
56190,icmp,9
56192,tcp,11
56212,icmp,1
56228,tcp,1
56259,udp,1
56266,udp,1
56292,udp,1
56299,icmp,1
56317,icmp,1
56330,udp,1
56334,tcp,1
56345,tcp,1
56351,udp,1
56352,icmp,1
56364,tcp,5
56442,icmp,6
56454,udp,1
56455,udp,1
56470,tcp,14
56479,udp,1
56491,tcp,1
56506,tcp,1
56513,tcp,7
56517,udp,1
56520,udp,1
56531,icmp,5
56541,tcp,1
56561,tcp,1
56563,tcp,1
56610,udp,1
56620,icmp,1
56625,icmp,1
56658,icmp,1
56672,icmp,8
56677,udp,1
56695,tcp,6
56717,tcp,1
56722,icmp,1
56722,tcp,6
56782,udp,1
56788,tcp,1
56810,udp,12
56837,tcp,1
56854,icmp,5
56887,udp,9
56897,udp,1
56921,tcp,1
56934,udp,5
57004,udp,1
57009,icmp,1
57009,udp,1
57019,tcp,4
57022,tcp,8
57042,udp,11
57048,udp,9
57053,udp,1
57062,icmp,1
57085,udp,1
57095,icmp,1
57147,icmp,1
57171,tcp,1
57199,tcp,5
57205,icmp,1
57237,udp,1
57250,tcp,1
57279,tcp,1
57289,icmp,1
57291,icmp,6
57291,udp,8
57292,udp,1
57309,tcp,11
57315,udp,7
57318,icmp,1
57377,tcp,1
57383,tcp,7
57401,udp,1
57402,icmp,1
57408,tcp,13
57410,udp,1
57450,icmp,9
57468,udp,1
57486,icmp,1
57505,icmp,1
57526,udp,1
57535,udp,4
57547,icmp,1
57562,udp,1
57569,tcp,1
57580,udp,10
57625,icmp,1
57710,tcp,8
57727,icmp,1
57738,udp,1
57753,tcp,1
57759,tcp,1
57795,tcp,11
57799,udp,1
57821,udp,1
57841,tcp,1
57849,tcp,1
57858,tcp,1
57873,tcp,1
57873,udp,1
57887,tcp,1
57888,udp,10
57900,udp,3
57917,icmp,1
57933,tcp,1
57938,udp,1
57952,tcp,11
57956,tcp,1
57988,udp,1
58017,tcp,1
58063,udp,1
58073,icmp,1
58084,tcp,1
58090,icmp,6
58092,icmp,8
58098,udp,1
58100,tcp,1
58117,icmp,1
58129,tcp,6
58132,icmp,1
58155,icmp,1
58169,udp,1
58179,icmp,10
58195,tcp,1
58198,tcp,1
58219,icmp,1
58226,udp,1
58230,udp,1
58237,tcp,1
58284,icmp,5
58310,udp,1
58370,udp,4
58371,icmp,1
58372,icmp,2
58372,udp,1
58393,udp,2
58430,tcp,9
58448,tcp,1
58484,icmp,1
58486,udp,1
58494,udp,4
58504,udp,4
58530,udp,1
58535,udp,1
58552,icmp,7
58561,udp,2
58571,udp,7
58576,udp,8
58577,icmp,1
58578,icmp,4
58579,icmp,1
58591,udp,1
58609,tcp,11
58613,tcp,1
58627,icmp,1
58630,udp,1
58636,tcp,8
58643,tcp,4
58649,icmp,1
58656,udp,1
58683,udp,7
58725,icmp,1
58748,tcp,1
58756,tcp,1
58793,tcp,1
58800,udp,1
58816,udp,1
58817,tcp,1
58829,udp,1
58885,icmp,1
58895,udp,7
58911,icmp,1
58933,udp,1
58938,icmp,5
58959,tcp,6
58960,udp,1
59035,udp,1
59046,tcp,9
59130,udp,1
59166,udp,1
59216,udp,1
59249,tcp,1
59259,icmp,1
59287,icmp,1
59290,udp,1
59297,icmp,1
59300,tcp,1
59317,tcp,3
59322,tcp,1
59331,icmp,1
59345,tcp,5
59369,udp,1
59398,icmp,9
59402,udp,8
59405,udp,1
59407,icmp,7
59435,udp,10
59453,icmp,1
59491,icmp,9
59495,tcp,7
59496,icmp,9
59505,icmp,1
59515,tcp,1
59542,udp,1
59555,tcp,1
59583,tcp,1
59599,icmp,1
59616,icmp,1
59619,icmp,1
59653,tcp,19
59666,tcp,1
59689,tcp,10
59756,tcp,4
59808,udp,1
59828,icmp,1
59832,udp,1
59849,tcp,1
59879,tcp,1
59897,icmp,1
59949,tcp,1
59956,icmp,2
59969,tcp,1
60002,udp,1
60006,icmp,1
60015,tcp,1
60020,tcp,9
60023,tcp,1
60076,icmp,1
60099,icmp,1
60100,udp,1
60118,udp,7
60119,icmp,1
60125,tcp,1
60133,udp,2
60161,udp,1
60169,icmp,1
60230,icmp,1
60236,tcp,11
60251,tcp,1
60281,icmp,1
60300,icmp,1
60304,udp,1
60310,udp,6
60374,udp,1
60386,icmp,1
60388,tcp,1
60420,udp,1
60439,udp,11
60473,tcp,1
60488,udp,6
60501,tcp,1
60509,icmp,1
60523,icmp,1
60527,icmp,1
60536,icmp,1
60548,udp,1
60551,tcp,1
60554,tcp,6
60568,tcp,1
60644,icmp,9
60684,icmp,1
60719,udp,1
60720,udp,2
60723,udp,1
60728,udp,1
60739,tcp,1
60770,icmp,1
60776,tcp,7
60786,tcp,1
60793,udp,1
60820,icmp,1
60830,udp,1
60842,tcp,1
60877,icmp,1
60907,tcp,1
60944,udp,12
60950,udp,1
60951,tcp,1
60997,tcp,6
61019,icmp,1
61031,tcp,6
61036,icmp,1
61041,udp,1
61049,tcp,1
61067,tcp,1
61070,tcp,1
61092,tcp,1
61118,udp,1
61124,icmp,1
61148,icmp,1
61149,tcp,1
61157,udp,1
61159,tcp,12
61162,icmp,1
61170,udp,1
61214,icmp,1
61241,udp,5
61269,tcp,1
61278,tcp,3
61281,tcp,1
61301,tcp,1
61302,icmp,1
61330,icmp,1
61340,icmp,2
61346,icmp,1
61348,tcp,1
61367,udp,1
61406,udp,1
61421,udp,1
61433,icmp,1
61459,icmp,1
61459,tcp,1
61463,icmp,1
61467,icmp,5
61480,tcp,1
61521,tcp,1
61522,tcp,1
61528,tcp,1
61550,tcp,1
61557,udp,1
61579,tcp,1
61624,icmp,1
61649,tcp,1
61659,icmp,1
61682,udp,1
61684,tcp,9
61712,tcp,1
61778,icmp,1
61784,tcp,12
61812,icmp,1
61826,udp,1
61838,udp,1
61839,icmp,1
61861,udp,5
61862,udp,1
61888,tcp,3
61902,tcp,1
61924,tcp,1
61932,icmp,1
61958,tcp,1
61992,icmp,1
62008,icmp,1
62017,udp,1
62052,icmp,1
62052,udp,1
62054,tcp,5
62059,icmp,1
62102,udp,1
62123,icmp,7
62137,icmp,1
62149,icmp,1
62163,udp,1
62172,udp,1
62175,tcp,1
62198,icmp,6
62233,tcp,1
62241,udp,1
62260,tcp,5
62265,tcp,1
62266,udp,1
62278,udp,1
62281,tcp,1
62313,udp,1
62324,tcp,9
62342,tcp,3
62406,udp,1
62424,udp,7
62462,udp,8
62491,icmp,1
62498,udp,6
62512,tcp,1
62516,udp,1
62524,udp,7
62527,icmp,1
62541,icmp,1
62548,icmp,6
62548,udp,1
62555,udp,1
62572,udp,5
62573,tcp,3
62616,udp,1
62695,udp,1
62701,udp,1
62706,icmp,1
62718,udp,1
62721,icmp,1
62722,icmp,1
62739,icmp,1
62758,icmp,1
62761,tcp,1
62766,tcp,1
62796,udp,1
62805,tcp,7
62809,udp,1
62818,tcp,1
62828,tcp,1
62844,tcp,1
62845,tcp,1
62852,icmp,4
62868,icmp,10
62887,udp,1
62893,udp,1
62903,icmp,1
62911,icmp,1
62952,icmp,1
62958,tcp,1
62971,tcp,1
62980,tcp,1
62985,tcp,1
62996,tcp,6
62999,udp,1
63019,tcp,1
63022,udp,1
63027,udp,4
63039,icmp,1
63054,icmp,1
63068,icmp,1
63073,tcp,7
63087,udp,1
63093,tcp,1
63097,icmp,1
63112,tcp,1
63123,udp,1
63140,udp,1
63146,udp,1
63180,tcp,1
63182,icmp,1
63188,icmp,8
63210,icmp,1
63227,icmp,1
63230,icmp,1
63241,icmp,1
63247,udp,1
63248,tcp,1
63287,tcp,1
63294,udp,1
63303,udp,1
63309,icmp,8
63316,tcp,1
63345,tcp,1
63388,icmp,1
63414,tcp,1
63423,icmp,1
63426,udp,1
63447,icmp,1
63456,tcp,4
63481,icmp,1
63493,udp,1
63506,tcp,4
63509,tcp,2
63530,tcp,1
63534,udp,6
63564,udp,5
63569,icmp,1
63576,udp,6
63587,udp,1
63592,icmp,7
63595,tcp,1
63601,udp,1
63606,udp,1
63626,tcp,1
63642,icmp,7
63664,tcp,1
63684,udp,7
63703,icmp,1
63712,udp,1
63734,udp,1
63736,tcp,1
63755,tcp,1
63770,icmp,1
63775,udp,3
63778,icmp,4
63779,tcp,1
63835,udp,4
63860,tcp,1
63905,udp,1
63975,icmp,1
64020,tcp,3
64039,udp,1
64046,icmp,1
64054,icmp,1
64064,icmp,1
64072,icmp,8
64072,udp,1
64082,icmp,1
64084,udp,1
64104,tcp,6
64141,udp,1
64167,udp,1
64175,udp,5
64184,icmp,6
64228,udp,1
64238,icmp,1
64238,udp,1
64242,tcp,4
64312,icmp,10
64323,tcp,1
64331,udp,1
64350,tcp,9
64350,udp,1
64378,tcp,1
64387,icmp,3
64389,tcp,1
64400,tcp,1
64435,udp,1
64449,icmp,1
64462,tcp,1
64464,icmp,1
64472,icmp,1
64493,icmp,1
64494,tcp,1
64502,udp,1
64505,tcp,1
64510,icmp,1
64533,udp,1
64535,tcp,1
64556,icmp,5
64575,udp,1
64586,udp,1
64599,udp,7
64603,icmp,1
64609,udp,7
64611,icmp,1
64626,icmp,1
64627,udp,1
64650,tcp,1
64659,icmp,7
64663,udp,1
64674,udp,1
64676,udp,1
64686,icmp,1
64689,tcp,1
64710,udp,6
64729,icmp,1
64733,udp,4
64738,tcp,1
64745,tcp,1
64754,udp,1
64778,tcp,1
64799,udp,6
64834,udp,1
64838,tcp,1
64839,tcp,7
64846,icmp,1
64892,tcp,1
64895,icmp,1
64935,icmp,1
64961,udp,1
64977,icmp,1
64978,icmp,11
64984,udp,1
64995,udp,1
65000,udp,1
65020,udp,1
65040,icmp,1
65041,icmp,1
65074,udp,1
65075,tcp,1
65107,icmp,1
65109,tcp,1
65109,udp,1
65110,udp,12
65121,icmp,1
65140,icmp,1
65141,udp,15
65152,tcp,1
65153,tcp,1
65168,tcp,1
65170,icmp,7
65172,tcp,1
65174,udp,1
65186,tcp,1
65203,icmp,1
65208,icmp,1
65209,icmp,4
65220,udp,1
65229,udp,1
65246,tcp,1
65280,tcp,1
65281,udp,1
65314,icmp,1
65319,udp,7
65349,udp,1
65378,udp,1
65382,icmp,8
65404,tcp,1
65466,udp,1
65470,icmp,8
65482,tcp,1
65495,udp,4
65502,tcp,11
65506,tcp,1
65510,udp,1
65525,tcp,1
